"*Equivalente Produccion","Cantidad a la mano","Cantidad pronosticada","Costo","Creado el","Decoración de la actividad de excepción","Etiquetas de la plantilla del producto","Favorito","Impuestos del cliente","Nombre","Precio de venta","Qr Garantía","Referencia interna","Unidad de medida","Volumen"
"0.0","81.0","77.0","1035.8700000000001","2025-01-14 16:53:51","","","Favorito","IVA Ventas 21%","FLM 29-110(NATURAL)","1303.14","","","Unidades","0.0"
"0.0","18.0","36.0","1035.8700000000001","2025-01-14 16:53:51","","","Favorito","IVA Ventas 21%","FLM 29-110(WENGUE)","1303.14","","","Unidades","0.0"
"0.0","111.0","107.0","1989.15","2025-01-14 16:53:51","","","Favorito","IVA Ventas 21%","FLM 33-110(NATURAL)","2502.38","","","Unidades","0.0"
"0.0","244.0","240.0","1989.15","2025-01-14 16:53:51","","","Favorito","IVA Ventas 21%","FLM 33-110(WENGUE)","2502.38","","","Unidades","0.0"
"0.0","93.0","61.0","2970.0","2025-01-14 16:53:51","","","Favorito","IVA Ventas 21%","FLM 37-170(NATURAL)","5200.0","","","Unidades","0.0"
"0.0","159.0","253.0","2970.0","2025-01-14 16:53:51","","","Favorito","IVA Ventas 21%","FLM 37-170(WENGUE)","5200.0","","","Unidades","0.0"
"0.0","1145.0","1145.0","2970.0","2025-01-14 16:53:51","","","Favorito","IVA Ventas 21%","FLM 37-200(NATURAL)","3540.0","","","Unidades","0.0"
"0.0","356.0","356.0","2970.0","2025-01-14 16:53:51","","","Favorito","IVA Ventas 21%","FLM 37-200(WENGUE)","3540.0","","","Unidades","0.0"
"0.0","0.0","0.0","4760.0","2025-01-14 16:53:51","","","Favorito","IVA Ventas 21%","PORTOVELHO-002","4956.0","","","m","0.0"
"0.0","230.34","195.66","3914.04","2025-01-14 16:53:51","","","Favorito","IVA Ventas 21%","TELA INFANTIL","3451.5","","","m","0.0"
"0.0","3980.12","5390.68","3952.84","2025-01-14 16:53:51","","","Favorito","IVA Ventas 21%","V1541","4071.0","","","m","0.0"
"0.0","5730.68","5723.04","4805.7300000000005","2025-01-14 16:53:51","","","Favorito","IVA Ventas 21%","V1542","4956.0","","","m","0.0"
"0.0","3401.5","3943.7000000000003","6773.95","2025-01-14 16:53:51","","","Favorito","IVA Ventas 21%","V1546","6991.5","","","m","0.0"
"0.0","6484.21","5515.05","3176.42","2025-01-14 16:53:51","","","Favorito","IVA Ventas 21%","V1551","5575.5","","","m","0.0"
"0.0","4893.41","5199.67","4805.7300000000005","2025-01-14 16:53:51","","","Favorito","IVA Ventas 21%","V1552","4956.0","","","m","0.0"
"0.0","9617.81","16515.27","2444.31","2025-01-14 16:53:51","","","Favorito","IVA Ventas 21%","V1553","4071.0","","","m","0.0"
"0.0","10539.93","13795.23","2269.08","2025-03-31 07:10:00","","","Favorito","IVA Ventas 21%","V1554","4071.0","","","m","0.0"
"0.0","5289.81","5146.51","4805.7300000000005","2025-08-25 08:51:45","","","Favorito","IVA Ventas 21%","V1555","1.0","","","m","0.0"
"0.0","3307.87","5807.87","3952.84","2025-08-27 10:09:41","","","Favorito","IVA Ventas 21%","V1556","1.0","","","m","0.0"
"0.0","2165.3","2526.56","3952.84","2025-03-31 09:09:15","","","Favorito","IVA Ventas 21%","V1557","4071.0","","","m","0.0"
"0.0","50793.46","48153.24","2444.31","2025-01-14 16:53:51","","","Favorito","IVA Ventas 21%","V1558","4956.0","","","m","0.0"
"0.0","5472.43","6863.25","3952.84","2025-01-14 16:53:51","","","Favorito","IVA Ventas 21%","V1837","4071.0","","","m","0.0"
"0.0","3874.9500000000003","3730.4700000000003","3952.84","2025-01-14 16:53:51","","","Favorito","IVA Ventas 21%","V2187","4071.0","","","m","0.0"
"0.0","2432.42","2380.08","4805.7300000000005","2026-01-27 12:27:12","","","Favorito","IVA Ventas 21%","V2285","1.0","","","m","0.0"
"0.0","2485.3","2308.68","5396.2","2026-01-27 12:27:12","","","Favorito","IVA Ventas 21%","V2286","1.0","","","m","0.0"
"0.0","3599.34","3592.54","4805.7300000000005","2026-01-27 12:27:12","","","Favorito","IVA Ventas 21%","V2287","1.0","","","m","0.0"
"0.0","15205.98","23217.850000000002","2243.84","2025-01-14 16:53:51","","","Favorito","IVA Ventas 21%","V368","4071.0","","","m","0.0"
"0.0","1337.52","1537.65","3952.84","2025-01-14 16:53:51","","","Favorito","IVA Ventas 21%","V370","4071.0","","","m","0.0"
"0.0","57.800000000000004","57.800000000000004","3952.84","2025-01-14 16:53:51","","","Favorito","IVA Ventas 21%","V374","4071.0","","","m","0.0"
"0.0","5362.75","5362.75","3952.84","2025-01-14 16:53:51","","","Favorito","IVA Ventas 21%","V377","4071.0","","","m","0.0"
"0.0","1459.83","2211.4700000000003","3952.84","2025-01-14 16:53:51","","","Favorito","IVA Ventas 21%","V379","4071.0","","","m","0.0"
"0.0","2415.17","1579.52","3952.84","2025-09-10 06:51:48","","","Favorito","IVA Ventas 21%","V406","1.0","","","m","0.0"
"0.0","0.0","0.0","3952.84","2025-01-14 16:53:51","","","Favorito","IVA Ventas 21%","V737","4071.0","","","m","0.0"
"0.0","1167.88","1132.1200000000001","3952.84","2025-01-14 16:53:51","","","Favorito","IVA Ventas 21%","V738","4071.0","","","m","0.0"
"0.0","3871.0","3871.0","3952.84","2025-01-14 16:53:51","","","Favorito","IVA Ventas 21%","V744","4071.0","","","m","0.0"
"0.0","3808.83","4117.71","3952.84","2025-01-14 16:53:51","","","Favorito","IVA Ventas 21%","V763 / V2472","4071.0","","","m","0.0"
"0.0","0.0","0.0","0.0","2025-11-19 08:13:03","","","Normal","IVA Ventas 21%","ABROCHADORA DINAMIT 24A","1.0","","","Unidades","0.0"
"0.0","1584.31","1129.08","127.5","2025-01-14 16:53:51","","","Normal","IVA Ventas 21%","ABROJO FELPA NRO 2 (ESTANDAR)","373.5","","","m","0.0"
"0.0","7608.55","6993.76","312.5","2025-01-14 16:53:51","","","Normal","IVA Ventas 21%","ABROJO FELPA NRO 5 (ESTANDAR)","468.75","","","m","0.0"
"0.0","6729.7","6450.42","127.5","2025-01-14 16:53:51","","","Normal","IVA Ventas 21%","ABROJO PINCHE NRO 2 (ESTANDAR)","373.5","","","m","0.0"
"0.0","2226.59","1420.96","312.5","2025-01-14 16:53:51","","","Normal","IVA Ventas 21%","ABROJO PINCHE NRO 5 (ESTANDAR)","624.0","","","m","0.0"
"0.0","0.0","0.0","0.0","2025-11-19 08:13:03","","","Normal","IVA Ventas 21%","ACEITE LUBRICANTE W40","1.0","","","Unidades","0.0"
"0.0","0.0","0.0","3560.0","2026-07-31 13:38:26","","","Normal","IVA Ventas 21%","ACEITE NATURA 900 ML","1.0","","","Unidades","0.0"
"0.0","0.0","0.0","0.0","2025-12-04 09:24:34","","","Normal","IVA Ventas 21%","ACEITE TELLUS S2 M 100 X 20","1.0","","","Unidades","0.0"
"0.71","0.0","0.0","98262.0","2025-03-31 10:42:43","","","Normal","IVA Ventas 21%","AERO RINCONERO","476338.8","","","Unidades","1.48"
"0.71","0.0","0.0","106548.96","2026-06-22 07:16:09","","","Normal","IVA Ventas 21%","AERO RINCONERO - ALPHA 11 - FLM 29-110(NATURAL)","1.0","","","Unidades","1.48"
"0.71","0.0","0.0","106548.96","2026-01-26 09:50:47","","","Normal","IVA Ventas 21%","AERO RINCONERO - ALPHA 11 - FLM 29-110(WENGUE)","1.0","","","Unidades","1.48"
"0.71","0.0","0.0","106548.96","2025-05-01 17:07:10","","","Normal","IVA Ventas 21%","AERO RINCONERO - ALPHA 34 - FLM 29-110(NATURAL)","1.0","","","Unidades","1.48"
"0.71","0.0","0.0","106548.96","2025-11-20 11:03:42","","","Normal","IVA Ventas 21%","AERO RINCONERO - ALPHA 34 - FLM 29-110(WENGUE)","1.0","","","Unidades","1.48"
"0.71","0.0","0.0","106548.96","2025-11-20 11:19:56","","","Normal","IVA Ventas 21%","AERO RINCONERO - ALPHA 51 - FLM 29-110(WENGUE)","1.0","","","Unidades","1.48"
"0.71","0.0","0.0","106548.96","2025-08-14 11:15:54","","","Normal","IVA Ventas 21%","AERO RINCONERO - ALPHA 52 - FLM 29-110(NATURAL)","1.0","","","Unidades","1.48"
"0.71","0.0","0.0","106548.96","2025-08-27 14:26:46","","","Normal","IVA Ventas 21%","AERO RINCONERO - ALPHA 53 - FLM 29-110(NATURAL)","1.0","","","Unidades","1.48"
"0.71","0.0","0.0","106548.96","2025-11-20 11:16:24","","","Normal","IVA Ventas 21%","AERO RINCONERO - ALPHA 53 - FLM 29-110(WENGUE)","1.0","","","Unidades","1.48"
"0.71","0.0","0.0","106548.96","2026-07-01 12:22:25","","","Normal","IVA Ventas 21%","AERO RINCONERO - ALPHA 58 - FLM 29-110(NATURAL)","1.0","","","Unidades","1.48"
"0.71","0.0","0.0","106548.96","2026-03-31 07:53:10","","","Normal","IVA Ventas 21%","AERO RINCONERO - ALPHA 71 - FLM 29-110(NATURAL)","1.0","","","Unidades","1.48"
"0.71","0.0","0.0","106548.96","2025-11-20 11:18:24","","","Normal","IVA Ventas 21%","AERO RINCONERO - ALPHA 71 - FLM 29-110(WENGUE)","1.0","","","Unidades","1.48"
"0.71","0.0","0.0","106548.96","2026-03-31 08:45:26","","","Normal","IVA Ventas 21%","AERO RINCONERO - ALPHA 78 - FLM 29-110(NATURAL)","1.0","","","Unidades","1.48"
"0.71","0.0","0.0","106548.96","2026-02-12 09:02:11","","","Normal","IVA Ventas 21%","AERO RINCONERO - BOUCLE LENNY WHITE - FLM 29-110(NATURAL)","1.0","","","Unidades","1.48"
"0.71","0.0","0.0","106548.96","2026-07-21 12:06:22","","","Normal","IVA Ventas 21%","AERO RINCONERO - CUEROTEX BONE 21/20/020 - FLM 29-110(NATURAL)","1.0","","","Unidades","1.48"
"0.71","0.0","0.0","106548.96","2025-06-04 20:39:11","","","Normal","IVA Ventas 21%","AERO RINCONERO - CUEROTEX SAND 21/20/031 - FLM 29-110(NATURAL)","1.0","","","Unidades","1.48"
"0.71","0.0","0.0","106548.96","2026-05-29 13:49:53","","","Normal","IVA Ventas 21%","AERO RINCONERO - CUEROTEX STONE - FLM 29-110(WENGUE)","1.0","","","Unidades","1.48"
"0.71","0.0","0.0","106548.96","2026-05-29 13:49:51","","","Normal","IVA Ventas 21%","AERO RINCONERO - CUEROTEX STONE - FLM 29-110(WENGUE)","1.0","","","Unidades","1.48"
"0.71","3.0","3.0","106548.96","2025-06-04 17:41:42","","","Normal","IVA Ventas 21%","AERO RINCONERO - CUEROTEX STONE 21/20/030 - FLM 29-110(NATURAL)","1.1","","","Unidades","1.48"
"0.71","1.0","0.0","106548.96","2026-07-27 09:50:27","","","Normal","IVA Ventas 21%","AERO RINCONERO - FLOYD 21/39/032 OLIVE - FLM 29-110(NATURAL)","1.0","","","Unidades","1.48"
"0.71","0.0","0.0","106548.96","2025-12-16 14:27:54","","","Normal","IVA Ventas 21%","AERO RINCONERO - FORM / GIVENCHY 4# - FLM 29-110(WENGUE)","1.0","","","Unidades","1.48"
"0.71","0.0","0.0","106548.96","2025-05-22 10:03:04","","","Normal","IVA Ventas 21%","AERO RINCONERO - PANA RIFF AZUL - FLM 29-110(WENGUE)","1.0","","","Unidades","1.48"
"0.71","0.0","0.0","106548.96","2025-05-02 14:03:23","","","Normal","IVA Ventas 21%","AERO RINCONERO - PANA RIFF BEIGE - FLM 29-110(WENGUE)","1.0","","","Unidades","1.48"
"0.71","1.0","0.0","106548.96","2026-08-04 10:54:31","","","Normal","IVA Ventas 21%","AERO RINCONERO - PANA RIFF CHOCOLATE - FLM 29-110(NATURAL)","1.0","","","Unidades","1.48"
"0.71","0.0","0.0","106548.96","2026-01-26 09:53:23","","","Normal","IVA Ventas 21%","AERO RINCONERO - PANA RIFF GRIS OSCURO - FLM 29-110(WENGUE)","1.0","","","Unidades","1.48"
"0.71","0.0","0.0","106548.96","2025-05-02 14:01:12","","","Normal","IVA Ventas 21%","AERO RINCONERO - PANA RIFF GRIS PLATA - FLM 29-110(WENGUE)","1.0","","","Unidades","1.48"
"0.71","0.0","0.0","122719.51000000001","2025-03-31 10:42:43","","","Normal","IVA Ventas 21%","AERO RINCONERO MET","517868.58","","","Unidades","1.48"
"0.71","0.0","0.0","122719.51000000001","2026-05-29 13:48:22","","","Normal","IVA Ventas 21%","AERO RINCONERO MET - CUEROTEX STONE","1.0","","","Unidades","1.48"
"0.71","0.0","0.0","122719.51000000001","2026-05-29 13:48:34","","","Normal","IVA Ventas 21%","AERO RINCONERO MET - CUEROTEX STONE","1.0","","","Unidades","1.48"
"0.71","0.0","0.0","122719.51000000001","2026-05-29 13:48:17","","","Normal","IVA Ventas 21%","AERO RINCONERO MET - CUEROTEX STONE","1.0","","","Unidades","1.48"
"0.71","0.0","0.0","122719.51000000001","2026-05-29 13:48:16","","","Normal","IVA Ventas 21%","AERO RINCONERO MET - CUEROTEX STONE","1.0","","","Unidades","1.48"
"0.71","0.0","0.0","122719.51000000001","2026-05-29 13:48:19","","","Normal","IVA Ventas 21%","AERO RINCONERO MET - CUEROTEX STONE","1.0","","","Unidades","1.48"
"0.53","0.0","0.0","63739.8","2025-03-31 10:42:43","","","Normal","IVA Ventas 21%","AERO SOFA 1/2 CPO (STD)","300379.41","","","Unidades","0.9"
"0.53","0.0","0.0","67883.28","2025-08-01 12:47:07","","","Normal","IVA Ventas 21%","AERO SOFA 1/2 CPO (STD) - ALPHA 11 - FLM 29-110(NATURAL)","1.0","","","Unidades","0.9"
"0.53","0.0","0.0","67883.28","2025-07-07 12:55:28","","","Normal","IVA Ventas 21%","AERO SOFA 1/2 CPO (STD) - ALPHA 34 - FLM 29-110(WENGUE)","1.0","","","Unidades","0.9"
"0.53","0.0","0.0","67883.28","2026-07-01 12:07:33","","","Normal","IVA Ventas 21%","AERO SOFA 1/2 CPO (STD) - ALPHA 51 - FLM 29-110(NATURAL)","1.0","","","Unidades","0.9"
